{
	"rendering_style" : 1.000000,
	"output_buffer" : 1.000000,
	"material_style" : 0.000000,
	"lighting_style" : 0.000000,
	"shadow_style" : 0.000000,
	"texture_style" : 0.000000,
	"postprocessing" : 4.000000
}
